article,description,category_broad,category_specific,spotify_url,pageid,canonical,display,thumbnail_source,thumbnail_width,thumbnail_height,extract
21_Savage,American rapper from Georgia,music,rapper,https://p.scdn.co/mp3-preview/0ee84d22da0c86b9f6d0d21735c869006d41ab5f?cid=774b29d4f13844c495f206cafdad9c86,50338260,21_Savage,21 Savage,https://upload.wikimedia.org/wikipedia/commons/thumb/c/c1/21_Savage_2018.jpg/256px-21_Savage_2018.jpg,256,320,"Shayaa Bin Abraham-Joseph, better known by his stage name 21 Savage, is an American rapper."
6ix9ine,American rapper,music,rapper,,55914767,6ix9ine,6ix9ine,https://upload.wikimedia.org/wikipedia/commons/thumb/1/1e/6ix9ine_June.png/149px-6ix9ine_June.png,149,320,"Daniel Hernandez, known professionally as 6ix9ine or Tekashi 6ix9ine, is an American rapper. He is known for his unconventional appearance, controversial behavior and brute-force screaming technique in some of his songs."
AJ_McLean,American male singer,music,singer,https://p.scdn.co/mp3-preview/b8c2410a5acb68b462be6ac85f1312430e2b149c?cid=774b29d4f13844c495f206cafdad9c86,675411,AJ_McLean,AJ McLean,https://upload.wikimedia.org/wikipedia/commons/thumb/1/12/Aj_mclean_signature.jpg/320px-Aj_mclean_signature.jpg,320,276,"Alexander James ""AJ"" McLean is an American singer, songwriter, actor, dancer, and model. He is a member of the vocal group the Backstreet Boys."
Ademola_Lookman,English association football player,sports,soccer player,,48501213,Ademola_Lookman,Ademola Lookman,https://upload.wikimedia.org/wikipedia/commons/thumb/9/9e/Ademola_Lookman%2C_Charlton_%28cropped%29.jpg/257px-Ademola_Lookman%2C_Charlton_%28cropped%29.jpg,257,320,"Ademola Lookman Olajade Alade Aylola Lookman is an English professional footballer who plays for Everton of the Premier League, and for the England national under-21 team."
Aleksandr_Golovin_(footballer),Russian association football player,sports,soccer player,,45671849,Aleksandr_Golovin_(footballer),Aleksandr Golovin (footballer),https://upload.wikimedia.org/wikipedia/commons/thumb/0/07/Rus-Egy_%288%29.jpg/226px-Rus-Egy_%288%29.jpg,226,320,Aleksandr Sergeyevich Golovin is a Russian professional footballer who plays as a central midfielder for AS Monaco and the Russian national team.
Alex_Jones,"American radio host, author, conspiracy theorist and filmmaker",entertainment,radio host,,358934,Alex_Jones,Alex Jones,https://upload.wikimedia.org/wikipedia/commons/thumb/4/48/Alex_Jones_Portrait_%28cropped%29.jpg/306px-Alex_Jones_Portrait_%28cropped%29.jpg,306,320,"Alexander Emric Jones is an American radio show host and conspiracy theorist. He hosts The Alex Jones Show from Austin, Texas, which airs on the Genesis Communications Network across the United States and online. Jones runs a website, Infowars.com, devoted to conspiracy theories and fake news, and the websites NewsWars and PrisonPlanet."
Alexandria_Ocasio-Cortez,American politician and activist,politics,politician,,54885332,Alexandria_Ocasio-Cortez,Alexandria Ocasio-Cortez,https://upload.wikimedia.org/wikipedia/commons/thumb/0/05/Alexandria_Ocasio-Cortez_July_2018_%28cropped2%29.jpg/240px-Alexandria_Ocasio-Cortez_July_2018_%28cropped2%29.jpg,240,320,"Alexandria Ocasio-Cortez is an American politician, educator, and political activist. On June 26, 2018, Ocasio-Cortez won the Democratic primary in New York's 14th congressional district covering parts of the Bronx and Queens in New York City, defeating the incumbent Congressman, Democratic Caucus Chair Joe Crowley, in what has been described as the biggest upset victory in the 2018 midterm-election season. Ocasio-Cortez is a member of the Democratic Socialists of America and has been endorsed by various politically progressive organizations and people."
Alphonso_Davies,Canadian soccer player,sports,soccer player,,49538223,Alphonso_Davies,Alphonso Davies,,,,"Alphonso Boyle Davies is a Canadian professional soccer player who currently plays as a winger for Vancouver Whitecaps FC in Major League Soccer and Canada men's national soccer team. He is the first player born in the 2000s to play in an MLS match. Davies will join Bundesliga club Bayern Munich in January 2019, on a contract until 2023."
Alvin_Kamara,American football player,sports,NFL player,,52022543,Alvin_Kamara,Alvin Kamara,,,,Alvin Mentian Kamara is an American football running back for the New Orleans Saints of the National Football League (NFL). He played college football for the University of Tennessee and was drafted by the Saints in the third round of the 2017 NFL Draft.
Andrade_Cien_Almas,Mexican luchador,sports,luchador,,23637966,Andrade_Cien_Almas,Andrade Cien Almas,https://upload.wikimedia.org/wikipedia/commons/thumb/8/85/Manny_Andrade_NXT_Takeover_Dallas_2016.jpg/183px-Manny_Andrade_NXT_Takeover_Dallas_2016.jpg,183,320,"Manuel Alfonso Andrade Oropeza is a Mexican professional wrestler currently signed to WWE, performing on the SmackDown brand, under the ring name Andrade ""Cien"" Almas, and is a former, one-time NXT Champion as part of their NXT brand. He previously wrestled for Consejo Mundial de Lucha Libre (CMLL) from 2007 until 2015 under the ring name La Sombra."
Andrew_Gillum,"American politician and Mayor of Tallahassee, Florida",politics,politician,,11503296,Andrew_Gillum,Andrew Gillum,https://upload.wikimedia.org/wikipedia/commons/thumb/8/83/Gillum.jpg/228px-Gillum.jpg,228,320,"Andrew Demese Gillum is an American politician who has served as the mayor of Tallahassee, Florida since 2014. He is the Democratic Party nominee for governor of Florida in the 2018 election. He previously served on the Tallahassee City Commission from 2003 to 2014; first elected at age 23, he was the city's youngest commissioner."
Angad_Bedi,Indian actor,film/tv/theater,actor,,10038011,Angad_Bedi,Angad Bedi,https://upload.wikimedia.org/wikipedia/commons/thumb/8/82/Angad_Bedi_gracing_%E2%80%98Filmfare_Glamour_%26_Style_Awards_2016%E2%80%99.jpg/212px-Angad_Bedi_gracing_%E2%80%98Filmfare_Glamour_%26_Style_Awards_2016%E2%80%99.jpg,212,320,"Angad Singh Bedi is an Indian film actor and model known for his work in Bollywood and television. He made his Hindi film debut in 2011 with F.A.L.T.U. Angad made his television debut with Kaya Taran, an adaptation of a Malayalam short story by N. S. Madhavan, When Big Tree Falls, The Earth Is Bound To Shake."
Anne-Marie_(singer),British singer and songwriter,music,singer,https://p.scdn.co/mp3-preview/014f96202abf522b30d140eaa13f87bdb70d95fd?cid=774b29d4f13844c495f206cafdad9c86,51169701,Anne-Marie_(singer),Anne-Marie (singer),https://upload.wikimedia.org/wikipedia/commons/thumb/5/51/Anne-Marie_at_The_Queen%27s_Birthday_Party_%28cropped%29.jpg/192px-Anne-Marie_at_The_Queen%27s_Birthday_Party_%28cropped%29.jpg,192,320,"Anne-Marie Rose Nicholson is an English singer and songwriter. She has attained several charting singles on the UK Singles Chart, including Clean Bandit's ""Rockabye"", featuring Sean Paul, which peaked at number one, as well as ""Alarm"", ""Ciao Adios"", ""Friends"" and ""2002"". Her debut studio album, Speak Your Mind, was released on 27 April 2018."
Anya_Taylor-Joy,Argentine-British actress,film/tv/theater,actor,,47572155,Anya_Taylor-Joy,Anya Taylor-Joy,https://upload.wikimedia.org/wikipedia/commons/thumb/9/9a/Anya_Taylor-Joy_by_Gage_Skidmore.jpg/218px-Anya_Taylor-Joy_by_Gage_Skidmore.jpg,218,320,"Anya-Josephine Taylor-Joy is an American-born British-Argentinian actress. She is best known for her roles as Thomasin in the period horror film The Witch (2015), as Casey Cooke in the horror-thriller film Split (2016), and as Lily in the black comedy thriller film Thoroughbreds (2018). Her well known roles in horror films have given her the label of a scream queen."
Arunachalam_Muruganantham,"inventor from rural Coimbatore in the southern state of Tamil Nadu, India",business,business,,36761300,Arunachalam_Muruganantham,Arunachalam Muruganantham,,,,"Padmashree Arunachalam Muruganantham (Padman) is a social entrepreneur from Coimbatore in Tamil Nadu, India. He is the inventor of a low-cost sanitary pad-making machine and is credited for innovating grassroots mechanisms for generating awareness about traditional unhygienic practices around menstruation in rural India. His mini-machines, which can manufacture sanitary pads for less than a third of the cost of commercial pads, have been installed in 23 of the 29 states of India. He is currently planning to expand the production of these machines to 106 nations."
Bad_Bunny,Puerto Rican singer,music,singer,https://p.scdn.co/mp3-preview/4c6dcffbd7c5794bbbf295b8d9d09bb9f45a2191?cid=774b29d4f13844c495f206cafdad9c86,55943877,Bad_Bunny,Bad Bunny,,,,"Benito Antonio Martínez Ocasio, known by his stage name Bad Bunny, is a Puerto Rican Latin trap and reggaeton singer. While working in a supermarket as a bagger and studying at the University of Puerto Rico at Arecibo, Bad Bunny gained popularity on SoundCloud."
Ben_McKenzie,"American actor, producer and economist",film/tv/theater,actor,,590444,Ben_McKenzie,Ben McKenzie,https://upload.wikimedia.org/wikipedia/commons/thumb/c/ca/Ben_McKenzie_%2817032849756%29.jpg/320px-Ben_McKenzie_%2817032849756%29.jpg,320,213,"Benjamin McKenzie Schenkkan, known professionally as Ben McKenzie, is an American actor and director. He is known as Ryan Atwood in the television series The O.C. and as Ben Sherman in Southland. He appeared in the films Junebug and 88 Minutes. His first starring role in a feature film was in the 2008 indie release Johnny Got His Gun. Since 2014, McKenzie has been starring as James Gordon in the television series Gotham."
Betsy_DeVos,11th United States Secretary of Education,politics,cabinet member,,2235726,Betsy_DeVos,Betsy DeVos,https://upload.wikimedia.org/wikipedia/commons/thumb/8/88/Betsy_DeVos_official_portrait.jpg/256px-Betsy_DeVos_official_portrait.jpg,256,320,"Elisabeth Dee DeVos is an American businesswoman, politician, and government official serving as the 11th and current United States Secretary of Education since 2017."
Billie_Eilish,American singer-songwriter,music,singer,https://p.scdn.co/mp3-preview/667d929febdda3096a047d179d3819a2182595de?cid=774b29d4f13844c495f206cafdad9c86,53785363,Billie_Eilish,Billie Eilish,https://upload.wikimedia.org/wikipedia/commons/thumb/0/0c/Billie_Eilish_-_Los_Angeles_2017_%2814%29_%28cropped%29.jpg/256px-Billie_Eilish_-_Los_Angeles_2017_%2814%29_%28cropped%29.jpg,256,320,"Billie Eilish Pirate Baird O'Connell is an American singer and songwriter. Her debut single, ""Ocean Eyes"", went viral and has accumulated over 116 million streams on Spotify alone as of September 2018. Her debut EP Don't Smile at Me was released in August 2017. Following the EP's success, Apple Music named Eilish as its newest Up Next artist a month later in October 2017."
Billie_Kay,Australian professional wrestler,sports,wrestler,,42849568,Billie_Kay,Billie Kay,https://upload.wikimedia.org/wikipedia/commons/thumb/5/50/Billie_Kay_Axxess_2018.jpg/286px-Billie_Kay_Axxess_2018.jpg,286,320,Jessica McKay is an Australian professional wrestler. She is signed to WWE under the ring name Billie Kay and performs on the SmackDown brand.
Brandon_Victor_Dixon,Actor and producer,entertainment,actor,,35747368,Brandon_Victor_Dixon,Brandon Victor Dixon,,,,"Brandon Victor Dixon is an American actor, singer and theatrical producer. As an actor, he is known for Tony-nominated Broadway performances as Harpo in the 2005 musical The Color Purple and Eubie Blake in Shuffle Along, or, the Making of the Musical Sensation of 1921 and All That Followed (2014). He originated both roles, as well as the leading role of Berry Gordy Jr. in Motown: The Musical (2013) on Broadway, which earned a Grammy nomination for Best Musical Theater Album. In 2016, Dixon assumed the role of Aaron Burr in the Broadway company of Hamilton. Off-Broadway as well as in London's West End, Dixon played the role of Hayward Patterson in The Scottsboro Boys."
Brendon_Miller,Pornographic film actor,entertainment,actor,,40044245,Brendon_Miller,Brendon Miller,https://upload.wikimedia.org/wikipedia/commons/thumb/a/ae/Brandon_Miller_2013.jpg/213px-Brandon_Miller_2013.jpg,213,320,Brendon Miller is an American pornographic actor and musician.
Brianna_Hildebrand,"American film actor, actor and television actor",entertainment,actor,,46274855,Brianna_Hildebrand,Brianna Hildebrand,https://upload.wikimedia.org/wikipedia/commons/thumb/2/21/Brianna_Hildebrand_by_Gage_Skidmore_2.jpg/242px-Brianna_Hildebrand_by_Gage_Skidmore_2.jpg,242,320,"Brianna Caitlin Hildebrand is an American actress. She is known for appearing in the web series Annie Undocumented, and as Negasonic Teenage Warhead in the films Deadpool (2016) and Deadpool 2 (2018)."
Brooks_Koepka,American professional golfer,sports,golfer,,37218741,Brooks_Koepka,Brooks Koepka,https://upload.wikimedia.org/wikipedia/commons/thumb/0/06/Brooks_Koepka.png/320px-Brooks_Koepka.png,320,295,"Brooks Koepka is an American professional golfer who plays on the PGA Tour. Ranked as high as second in the Official World Golf Ranking, he started his career on the European Challenge Tour and eventually the European Tour. He played collegiate golf at Florida State University."
Camila_Mendes,Brazilian American actress,entertainment,actor,,51237620,Camila_Mendes,Camila Mendes,https://upload.wikimedia.org/wikipedia/commons/thumb/1/12/Camila_Mendes_by_Gage_Skidmore_2.jpg/228px-Camila_Mendes_by_Gage_Skidmore_2.jpg,228,320,Camila Carraro Mendes is an American actress. She is known for portraying Veronica Lodge on The CW television series Riverdale.
Cardi_B,"American rapper, television and internet personality and former exotic dancer",music,rapper,https://p.scdn.co/mp3-preview/0f8734f51bb0a419959fdad3a0852621f9e6bc89?cid=774b29d4f13844c495f206cafdad9c86,53594450,Cardi_B,Cardi B,https://upload.wikimedia.org/wikipedia/commons/thumb/d/de/Cardi_B_2016.jpg/248px-Cardi_B_2016.jpg,248,320,"Belcalis Marlenis Almánzar, known professionally as Cardi B, is an American rapper, singer, songwriter, and television personality. Born and raised in The Bronx, New York City, she first attracted attention for discussing her career as a stripper on social media; she became an Internet celebrity after several of her posts and videos went viral on Vine and Instagram. From 2015 to 2017, she appeared as a regular cast member on the VH1 reality television series Love & Hip Hop: New York to follow her music aspirations, and released two mixtapes—Gangsta Bitch Music, Vol. 1 and Vol. 2."
Carlos_Pena_Jr.,"American film and TV actor, singer-songwriter, dancer and television show host",film/tv/theater,actor,,25896674,Carlos_Pena_Jr.,Carlos Pena Jr.,https://upload.wikimedia.org/wikipedia/commons/thumb/8/85/Carlos_Pena_Jr_BTR_Paparazzo.jpg/258px-Carlos_Pena_Jr_BTR_Paparazzo.jpg,258,320,"Carlos Roberto PenaVega is an American actor and singer. He starred on the Nickelodeon series Big Time Rush as Carlos García, and was a member of the band Big Time Rush. He was the host of the Nickelodeon game show Webheads."
Carson_Wentz,American football quarterback,sports,NFL player,,47856140,Carson_Wentz,Carson Wentz,https://upload.wikimedia.org/wikipedia/commons/thumb/1/1c/CarsonWentz11.jpg/264px-CarsonWentz11.jpg,264,320,"Carson James Wentz is an American football quarterback for the Philadelphia Eagles of the National Football League (NFL). He played college football at North Dakota State University (NDSU) and was selected by the Eagles with the second overall pick of the 2016 NFL Draft, the highest selection ever for an FCS player."
Carter_Page,American oil industry consultant,business,business,,51724152,Carter_Page,Carter Page,https://upload.wikimedia.org/wikipedia/commons/thumb/e/ed/Carter_Page_MSNBC_June_2017_YouTube.png/300px-Carter_Page_MSNBC_June_2017_YouTube.png,300,320,"Carter William Page is an American petroleum industry consultant and a former foreign-policy adviser to Donald Trump during his 2016 Presidential election campaign. Page is the founder and managing partner of Global Energy Capital, a one-man investment fund and consulting firm specializing in the Russian and Central Asian oil and gas business. He has been a focus of the 2017 Special Counsel investigation into links between Trump associates and Russian officials and Russian interference on behalf of Trump during the 2016 Presidential election."
Charles_Leclerc_(racing_driver),Monegasque racing driver,sports,racing driver,,44924226,Charles_Leclerc_(racing_driver),Charles Leclerc (racing driver),https://upload.wikimedia.org/wikipedia/commons/thumb/4/47/Charles_Leclerc_after_winning_F2_championship-2.jpg/214px-Charles_Leclerc_after_winning_F2_championship-2.jpg,214,320,"Charles Leclerc is a Monégasque racing driver, currently driving for Alfa Romeo-Sauber F1 Team in the 2018 FIA Formula One World Championship. A member of the Ferrari Driver Academy, he won the GP3 Series championship in 2016 and the FIA Formula 2 Championship in 2017. Leclerc has agreed on a contract with Scuderia Ferrari for the 2019 season where he will drive alongside Sebastian Vettel."
Cheryl_(singer),"English singer, songwriter and television personality",music,singer,,8979822,Cheryl_(singer),Cheryl (singer),https://upload.wikimedia.org/wikipedia/commons/thumb/0/01/Cheryl_Cole_Cannes_2014.jpg/226px-Cheryl_Cole_Cannes_2014.jpg,226,320,"Cheryl Ann Tweedy is an English singer, songwriter and television personality. Born and raised in Newcastle upon Tyne, she rose to fame in late 2002 upon winning a place in Girls Aloud, a girl group created through ITV's Popstars: The Rivals. While still in the group, she began a solo career in April 2009, and between then and 2014, she released four studio albums – 3 Words (2009), Messy Little Raindrops (2010), A Million Lights (2012) and Only Human (2014) – which collectively produced ten singles, including five UK number-ones. Cheryl has the second most UK number-one singles for a British female solo artist with five records, behind Jess Glynne, who has seven."
Chloe_Kim,American snowboarder,sports,snowboarder,,41747787,Chloe_Kim,Chloe Kim,https://upload.wikimedia.org/wikipedia/commons/thumb/4/4c/Chloe_Kim_%28February%2C_2017%29.png/265px-Chloe_Kim_%28February%2C_2017%29.png,265,320,"Chloe Kim is an American snowboarder. At the 2018 Winter Olympics, she became the youngest woman to win an Olympic snowboarding medal when she won gold in the women’s snowboard halfpipe at the age of 17 years. She is a four-time X Games gold medalist and the first woman to win two gold medals in snowboarding at the Winter Youth Olympic Games."
Chris_Eubank_Jr.,British professional boxer,sports,boxer,,17361311,Chris_Eubank_Jr.,Chris Eubank Jr.,https://upload.wikimedia.org/wikipedia/commons/thumb/6/63/Chris_Eubank_Jr._2017.png/215px-Chris_Eubank_Jr._2017.png,215,320,"Christopher Livingstone Eubank is a British professional boxer. He held the IBO super-middleweight title from 2017 to 2018, and previously the WBA interim and British middleweight titles between 2015 and 2016. In February 2018, Eubank was ranked as the world's best active super-middleweight by BoxRec, third by the Transnational Boxing Rankings Board, and fourth by The Ring magazine. He is the son of former two-weight world boxing champion Chris Eubank."
Christopher_Steele,former British intelligence officer,politics,government,,52845543,Christopher_Steele,Christopher Steele,,,,"Christopher David Steele is a former British intelligence officer with the Secret Intelligence Service MI6 from 1987 until his retirement in 2009. He ran the Russia desk at MI6 headquarters in London between 2006 and 2009. In 2009 he co-founded Orbis Business Intelligence, a London-based private intelligence firm. He authored a dossier that claims Russia collected a file of compromising information on U.S. President Donald Trump."
Dan_Avidan,American internet celebrity,entertainment,internet celebrity,,42141937,Dan_Avidan,Dan Avidan,https://upload.wikimedia.org/wikipedia/commons/thumb/e/ef/Dan_Avidan_at_the_Hammersmith_Apollo_in_London_-_October_2017.jpg/240px-Dan_Avidan_at_the_Hammersmith_Apollo_in_London_-_October_2017.jpg,240,320,"Leigh Daniel Avidan, known professionally as Dan Avidan and by his stage name Danny Sexbang, is an American musician, Internet personality, singer-songwriter, comedian, and actor. He is one half of the musical comedy duo Ninja Sex Party with Brian Wecht, as well as the co-host of the Let's Play webseries Game Grumps with Arin Hanson. He is also part of the video game-based comedy music trio Starbomb, alongside Hanson and Wecht."
Danielle_Bregoli,American internet personality and rapper,entertainment,internet celebrity,,55205096,Danielle_Bregoli,Danielle Bregoli,,,,"Danielle Bregoli, better known by her stage name Bhad Bhabie, is an American rapper and internet personality. She became known for the viral video meme and catch phrase ""cash me outside, how 'bout dah?"" after appearing on an episode of Dr. Phil in September 2016. In 2017, Bregoli became the youngest female rapper ever to appear on the Billboard Hot 100 chart with her debut single ""These Heaux"". She subsequently signed a record deal with Atlantic Records."
Danielle_Jonas,,entertainment,tv personality,,56399298,Danielle_Jonas,Danielle Jonas,,,,Danielle Jonas is an American reality television personality and former hairdresser. She is known for starring on the E! Entertainment network's reality show called Married to Jonas. She starred on the show alongside her husband Kevin Jonas who is a musician and actor.
Danielle_Spencer_(Australian_actress),Australian singer-songwriter and actress,music,actor,,2302584,Danielle_Spencer_(Australian_actress),Danielle Spencer (Australian actress),https://upload.wikimedia.org/wikipedia/commons/thumb/c/c8/Danielle_Spencer_2013.jpg/228px-Danielle_Spencer_2013.jpg,228,320,"Danielle Spencer is an Australian actress, singer and songwriter."
Dipak_Misra,45th Chief Justice of India,politics,politician,,37185043,Dipak_Misra,Dipak Misra,https://upload.wikimedia.org/wikipedia/commons/thumb/3/38/The_Chief_Justice_of_India%2C_Justice_Shri_Dipak_Misra_during_the_24th_Foundation_Day_Function_of_the_National_Human_Rights_Commission_%28NHRC%29%2C_in_New_Delhi_on_October_12%2C_2017_%28cropped%29.jpg/283px-thumbnail.jpg,283,320,"Justice Dipak Misra is an Indian judge serving as the 45th and current Chief Justice of India since 28 August 2017. He is a judge of the Supreme Court of India and former Chief Justice of the Patna and Delhi High Courts. He is the nephew of Justice Ranganath Misra, who was the 21st Chief Justice from 1990 to 1991. He succeeded J. S. Khehar, the 44th Chief Justice."
Dominic_Raab,British politician,politics,politician,,27269553,Dominic_Raab,Dominic Raab,https://upload.wikimedia.org/wikipedia/commons/thumb/9/9d/Official_portrait_of_Dominic_Raab_crop_2.jpg/240px-Official_portrait_of_Dominic_Raab_crop_2.jpg,240,320,Dominic Rennie Raab is a British Conservative Party politician who is Secretary of State for Exiting the European Union.
Dua_Lipa,British singer-songwriter,music,singer,https://p.scdn.co/mp3-preview/75a1b521de23958a2db9acf4fc8151999ee54bd7?cid=774b29d4f13844c495f206cafdad9c86,49002318,Dua_Lipa,Dua Lipa,https://upload.wikimedia.org/wikipedia/commons/thumb/a/aa/Dua_Lipa_02_12_2018_-2_%2840157502064%29.jpg/228px-Dua_Lipa_02_12_2018_-2_%2840157502064%29.jpg,228,320,"Dua Lipa is an English singer, songwriter, and model. Her musical career began at age 14, when she began covering songs by other artists on YouTube. In 2015, she signed with Warner Music Group and released her first single soon after."
George_Miller_(entertainer),"Australian Japanese YouTuber, comedian, musician and web actor",entertainment,youtuber,,52847822,George_Miller_(entertainer),George Miller (entertainer),,,,"George Miller, better known by his stage name Joji, is a Japanese-Australian record producer, singer, songwriter, rapper and retired YouTube personality."
Giovani_Lo_Celso,Argentine association football player,sports,soccer player,,48712502,Giovani_Lo_Celso,Giovani Lo Celso,https://upload.wikimedia.org/wikipedia/commons/5/56/Giovani_Lo_Celso_%28cropped%29.jpg,175,244,"Giovani Lo Celso is an Argentine professional footballer who plays as a central midfielder for Real Betis, on loan from Paris Saint-Germain, and the Argentina national team."
Gloria_Macapagal_Arroyo,The 14th President of the Philippines from 2001 to 2010,politics,president,,190445,Gloria_Macapagal_Arroyo,Gloria Macapagal Arroyo,https://upload.wikimedia.org/wikipedia/commons/thumb/5/5b/Gloria_Macapagal_Arroyo_WEF_2009-crop.jpg/219px-Gloria_Macapagal_Arroyo_WEF_2009-crop.jpg,219,320,"Maria Gloria Macaraeg Macapagal Arroyo is a Filipino professor and politician who was the 14th President of the Philippines from 2001 until 2010, as the tenth Vice President of the Philippines from 1998 to 2001, as the deputy speaker of the 17th Congress from 2016 to 2017, and a member of the House of Representatives representing the 2nd District of Pampanga since 2010. She was the country's second female president, and the daughter of former President Diosdado Macapagal. Arroyo is also the first duly elected female Vice President of the Philippines. She currently serve as Speaker of the House of Representatives of the Philippines, making her the first woman to hold the position."
Gretchen_Whitmer,American politician,politics,politician,,4643936,Gretchen_Whitmer,Gretchen Whitmer,https://upload.wikimedia.org/wikipedia/commons/thumb/0/05/Gretchen_Whitmer_2011.jpg/293px-Gretchen_Whitmer_2011.jpg,293,320,"Gretchen Esther Whitmer is an American politician who was a member of the Michigan House of Representatives from 2001 to 2006 and of the Michigan Senate from 2006 to 2015. On November 5, 2010, her Democratic colleagues chose Whitmer as Minority Leader. On January 3, 2017, Whitmer announced her candidacy for governor, making her among the first to announce. She is the Democratic nominee for governor of Michigan in the 2018 election.Whitmer won the Democratic nomination on August 7, 2018."
Harry_Shum_Jr.,American actor and dancer,film/tv/theater,actor,,24709277,Harry_Shum_Jr.,Harry Shum Jr.,https://upload.wikimedia.org/wikipedia/commons/thumb/d/df/Harry_Shum_by_Gage_Skidmore.jpg/229px-Harry_Shum_by_Gage_Skidmore.jpg,229,320,"Harry Shum Jr. is a Costa Rican-American actor, dancer, singer and choreographer. He is best known for his roles as Mike Chang on the Fox television series Glee (2009–2015) for which he was nominated for four Screen Actors Guild Awards, winning once, and as Magnus Bane on the Freeform television series Shadowhunters (2016–)."
Henry_Golding_(actor),British-Malaysian actor,film/tv/theater,actor,,54665868,Henry_Golding_(actor),Henry Golding (actor),https://upload.wikimedia.org/wikipedia/commons/thumb/5/54/Carmen_Roberts_and_Henry_Golding%2C_Presenters%2C_The_Travel_Show%2C_BBC_%28cropped%29.jpg/221px-Carmen_Roberts_and_Henry_Golding%2C_Presenters%2C_The_Travel_Show%2C_BBC_%28cropped%29.jpg,221,320,"Henry Ewan Golding is a British–Malaysian actor, model, and television host. He has been a presenter on BBC's The Travel Show since 2014. He is best known for his role as Nick Young in Crazy Rich Asians and Sean Townsend in Paul Feig’s thriller A Simple Favor."
Hirving_Lozano,Mexican footballer,sports,soccer player,,44082727,Hirving_Lozano,Hirving Lozano,https://upload.wikimedia.org/wikipedia/commons/1/1e/Mex-Kor_%2826%29_%28cropped%29.jpg,196,318,Hirving Rodrigo Lozano Bahena is a Mexican professional footballer who plays as a winger for Dutch club PSV and the Mexico national team. He is popularly referred to by his nickname Chucky.
Hugh_Skinner,British actor,film/tv/theater,actor,,25011865,Hugh_Skinner,Hugh Skinner,,,,"Hugh Skinner is an English film, television, and stage actor."
Ilhan_Omar,Somali American politician from Minnesota,politics,politician,,51289996,Ilhan_Omar,Ilhan Omar,https://upload.wikimedia.org/wikipedia/commons/thumb/d/d3/Ilhan_Omar_-_2017_%28cropped%29.jpg/320px-Ilhan_Omar_-_2017_%28cropped%29.jpg,320,306,"Ilhan Omar is a Somali-American politician from Minnesota. In 2016, she was elected a Democratic–Farmer–Labor Party member of the Minnesota House of Representatives, making her the first Somali-American legislator elected to office in the United States. She is the Director of Policy and Initiatives of the Women Organizing Women Network."
J._D._Martinez,American baseball player,sports,baseball player,,32577543,J._D._Martinez,J. D. Martinez,https://upload.wikimedia.org/wikipedia/en/thumb/8/82/J._D._Martinez_Boston_Red_Sox_August_2018_%28crop%29.png/171px-J._D._Martinez_Boston_Red_Sox_August_2018_%28crop%29.png,171,320,"Julio Daniel Martinez is an American professional baseball outfielder and designated hitter for the Boston Red Sox of Major League Baseball (MLB). He has also played in MLB for the Houston Astros, Detroit Tigers and Arizona Diamondbacks. A right-handed thrower and batter, Martinez stands 6 feet 3 inches (1.91 m) tall and weighs 221 pounds (100 kg)."
Jair_Bolsonaro,Brazilian politician,politics,politician,,46603496,Jair_Bolsonaro,Jair Bolsonaro,https://upload.wikimedia.org/wikipedia/commons/thumb/7/75/Jair_Bolsonaro_%28cropped%29.jpg/229px-Jair_Bolsonaro_%28cropped%29.jpg,229,320,"Jair Messias Bolsonaro is a Brazilian politician and former military officer. He has been a member of the Chamber of Deputies since 1991 and is currently a member of the Social Liberal Party (PSL). A controversial figure in Brazil, he is known for his far-right and populist political views, including sympathetic comments about Brazil's 1964–1985 military dictatorship."
Jake_Paul,American actor and YouTube personality,entertainment,youtuber,,51021695,Jake_Paul,Jake Paul,https://upload.wikimedia.org/wikipedia/commons/thumb/3/32/Jake_Paul_2016.png/236px-Jake_Paul_2016.png,236,320,Jake Joseph Paul is an American actor and YouTube personality who rose to significant fame on the now-defunct video application Vine. Paul first came into prominence for playing the role of Dirk on the Disney Channel series Bizaardvark.
James_Gunn,"American writer, actor and filmmaker",writing,writer,,2144497,James_Gunn,James Gunn,https://upload.wikimedia.org/wikipedia/commons/thumb/8/86/James_Gunn_-_Guardians_of_the_Galaxy_premiere_-_July_2014_%28cropped%29.jpg/206px-James_Gunn_-_Guardians_of_the_Galaxy_premiere_-_July_2014_%28cropped%29.jpg,206,320,"James Francis Gunn Jr. is an American filmmaker, actor, novelist, and musician. He started his career as a screenwriter in the mid-1990s, writing the scripts for Tromeo and Juliet (1996), The Specials (2000), Scooby-Doo (2002) and its sequel, Scooby-Doo 2: Monsters Unleashed (2004), and the 2004 version of Dawn of the Dead. He then started working as a director, starting with the horror-comedy film Slither (2006). He subsequently wrote and directed the web series James Gunn's PG Porn (2008–2009), the superhero film Super (2010), and the Marvel Cinematic Universe film Guardians of the Galaxy (2014) and its sequel, Guardians of the Galaxy Vol. 2 (2017)."
James_Maddison,English footballer,sports,soccer player,,43552949,James_Maddison,James Maddison,,,,James Daniel Maddison is an English professional footballer who plays as a midfielder for Leicester City. He began his career with Coventry City before joining Norwich City in 2016. He has also played for Aberdeen on loan.
Jamie_Linden_(writer),American screenwriter,film/tv/theater,screenwriter,,17151362,Jamie_Linden_(writer),Jamie Linden (writer),,,,"Jamie Linden is an American screenwriter best known as the writer of 2006 film We Are Marshall and the writer of 2010 film Dear John. He also wrote and directed the 2010 independent movie 10 Years, starring Channing Tatum."
Jeff_Baena,,film/tv/theater,screenwriter,,51495916,Jeff_Baena,Jeff Baena,https://upload.wikimedia.org/wikipedia/commons/thumb/d/dc/Jeff_Baena.jpg/270px-Jeff_Baena.jpg,270,320,"Jeff Baena is an American screenwriter and film director known for Life After Beth, Joshy, The Little Hours, and for co-writing I Heart Huckabees with David O. Russell."
Jessie_Buckley,Irish actor and singer,film/tv/theater,actor,,17356928,Jessie_Buckley,Jessie Buckley,,,,"Jessie Buckley is an Irish singer and actress, who came second in the BBC talent show-themed television series I'd Do Anything in 2008, and subsequently played Anne Egermann in the West End revival of Stephen Sondheim's A Little Night Music. Most recently, Buckley appeared on four BBC television series, as Marya Bolkonskaya in BBC's adaptation of Leo Tolstoy's War and Peace, as Lorna Bow in Taboo as Honor Martin in The Last Post, and as Marian Halcombe in The Woman in White."
Jim_Mattis,Current United States Secretary of Defense and former United States Marine Corps general,politics,cabinet member,,1470176,Jim_Mattis,Jim Mattis,https://upload.wikimedia.org/wikipedia/commons/thumb/6/6c/James_Mattis_official_photo.jpg/256px-James_Mattis_official_photo.jpg,256,320,James Norman Mattis is the 26th and current United States Secretary of Defense and a former United States Marine Corps general. He commanded the 1st Marine Division during the 2003 invasion of Iraq and served as the 11th Commander of United States Central Command during the Presidency of Barack Obama.
JoJo_Siwa,"Vocalist, Guitarist",entertainment,tv personality,,50561266,JoJo_Siwa,JoJo Siwa,https://upload.wikimedia.org/wikipedia/commons/thumb/3/3c/JoJo_Siwa_2.jpg/320px-JoJo_Siwa_2.jpg,320,283,"Joelle Joanie Siwa, known professionally as Jojo Siwa is an American dancer, singer, actress, and YouTube personality. She is known for appearing for two seasons on Dance Moms along with her mother, Jessalynn Siwa, and for her singles ""Boomerang"" and ""Kid in a Candy Store"". Siwa posts daily videos of her day-to-day life on her YouTube channel, ""JoJo Siwa Vlogs"". Her fans are known as Siwanatorz."
Jodie_Comer,British actress,film/tv/theater,actor,,49674056,Jodie_Comer,Jodie Comer,,,,"Jodie Comer is an English actress from Liverpool, England, known for her roles as assassin Villanelle in  Killing Eve, Chloe Gemell in the comedy-drama series My Mad Fat Diary, Ivy Moxam in the BBC Three miniseries Thirteen, Kate Parks in Doctor Foster and as Elizabeth of York in the miniseries The White Princess."
John_Paul_Getty_Jr.,wealthy American-born British philanthropist and book collector,business,philanthropist,,212031,John_Paul_Getty_Jr.,John Paul Getty Jr.,https://upload.wikimedia.org/wikipedia/en/thumb/2/21/John_Paul_Getty%2C_Jr.jpg/230px-John_Paul_Getty%2C_Jr.jpg,230,320,"Sir John Paul Getty,, was a British philanthropist and book collector. He was the third of five sons born to Jean Paul Getty Sr. (1892–1976), one of the richest men in the world at the time, and his wife Ann Rork. The Getty family's wealth was the result of the oil business founded by George Franklin Getty. At birth he was given the name Eugene Paul Getty, but in later life he adopted other names, including Paul Getty, John Paul Getty, Jean Paul Getty Jr., and John Paul Getty II. In 1986, he was awarded an honorary knighthood for services to causes ranging from cricket, to art and to the Conservative Party. His honorary knighthood would eventually become substantive upon the required acquisition of British citizenship. A long-time Anglophile, he became a British citizen in 1997. In 1998 he changed his name by deed poll when he renounced the first name Eugene and wished to be known as Sir Paul Getty, KBE."
Jon_Lovett,"American screenwriter, speechwriter, and television producer",film/tv/theater,screenwriter,,52451619,Jon_Lovett,Jon Lovett,https://upload.wikimedia.org/wikipedia/commons/thumb/f/ff/Jon_Lovett_%28Crooked_Media%29_%40_SXSW_2017_%2833505879416%29.jpg/320px-Jon_Lovett_%28Crooked_Media%29_%40_SXSW_2017_%2833505879416%29.jpg,320,213,"Jon Lovett is an American screenwriter, speechwriter, television producer, and podcaster. After working as a speech and joke writer for President Barack Obama and Hillary Clinton, Lovett co-created the NBC White House sitcom 1600 Penn, and served as a writer and producer on the third season of HBO's The Newsroom. He is a founder of Crooked Media and currently hosts the podcasts Pod Save America and Lovett or Leave It."
Jubin_Nautiyal,Indian singer,music,singer,,49339848,Jubin_Nautiyal,Jubin Nautiyal,https://upload.wikimedia.org/wikipedia/commons/thumb/c/c4/Jubin_Nautiyal_graces_the_International_Customs_Day.jpg/229px-Jubin_Nautiyal_graces_the_International_Customs_Day.jpg,229,320,"Jubin Nautiyal is an Indian singer. Jubin was awarded with Upcoming Male Vocalist of the Year at 8th Mirchi Music Awards, 2016 for his song ""Zindagi Kuch Toh Bata (reprise)"" from Bajrangi Bhaijaan and his other achievement is the Rising Musical Star Award (2015) received at Zee Business Awards. Early in his career, he has sung many songs and several hit songs for Hindi films. He has also recorded songs for films in various Indian languages."
Juice_Wrld,American rapper,music,rapper,https://p.scdn.co/mp3-preview/46f3831fe907b5b98bc933e5a27f4a5252fc3104?cid=774b29d4f13844c495f206cafdad9c86,56848560,Juice_Wrld,Juice Wrld,https://upload.wikimedia.org/wikipedia/commons/thumb/b/b5/Juice_Wrld_Interview.png/247px-Juice_Wrld_Interview.png,247,320,"Jarad Higgins, better known by his stage name Juice Wrld, is an American rapper, singer and songwriter from Chicago, Illinois. He is primarily known for his breakout hits ""All Girls Are the Same"", ""Lucid Dreams"", and ""Legends""."
Katherine_Langford,Australian actress and singer,film/tv/theater,actor,,52882058,Katherine_Langford,Katherine Langford,https://upload.wikimedia.org/wikipedia/commons/thumb/7/75/Katherine_Langford_in_2018.jpg/194px-Katherine_Langford_in_2018.jpg,194,320,"Katherine Langford is an Australian actress. She is known for starring as Hannah Baker in the 2017 Netflix series 13 Reasons Why, based on the novel of the same name, for which she received a Golden Globe Award nomination. In 2018, she appeared as Vesna in the independent comedy/drama film The Misguided and as Leah Burke in the romantic comedy-drama film Love, Simon."
Kirstin_Maldonado,singer,music,singer,https://p.scdn.co/mp3-preview/da81b5155d9929f3ecd62b214b0012def8a9cb73?cid=774b29d4f13844c495f206cafdad9c86,38574589,Kirstin_Maldonado,Kirstin Maldonado,https://upload.wikimedia.org/wikipedia/commons/thumb/b/b5/Kirsten_Maldonado_Austin_PTX_Show.jpg/253px-Kirsten_Maldonado_Austin_PTX_Show.jpg,253,320,"Kirstin Taylor ""Kirstie"" Maldonado is an American singer and songwriter, and a member of the a cappella group Pentatonix. Together with Pentatonix, Maldonado has released seven studio albums, won three Grammy Awards, and sold over six million albums."
Lamar_Jackson,American football player,sports,NFL player,,50864431,Lamar_Jackson,Lamar Jackson,https://upload.wikimedia.org/wikipedia/commons/thumb/2/20/Lamar_jackson_ravens_camp_2018_%28cropped%29.jpg/288px-Lamar_jackson_ravens_camp_2018_%28cropped%29.jpg,288,320,"Lamar Demeatrice Jackson Jr. is an American football quarterback for the Baltimore Ravens of the National Football League (NFL). He played college football at Louisville and was selected by the Ravens in the first round of the 2018 NFL Draft. At Louisville, Jackson won the Heisman Trophy, Maxwell Award, and Walter Camp Award and was a unanimous All-American as a sophomore in 2016."
Larry_Kudlow,American economist,business,economist,,20663510,Larry_Kudlow,Larry Kudlow,https://upload.wikimedia.org/wikipedia/commons/thumb/3/3f/Larry_Kudlow_%2825484250682%29_%28cropped%29.jpg/250px-Larry_Kudlow_%2825484250682%29_%28cropped%29.jpg,250,320,Lawrence Alan Kudlow is an American financial analyst and former television host serving as Director of the National Economic Council under President Donald Trump since 2018.
Larry_Nassar,American serial child sexual abuser and physician,law/crime,criminal,,55762330,Larry_Nassar,Larry Nassar,,,,Lawrence Gerard Nassar is an American convicted serial child molester who was the USA Gymnastics national team doctor and an osteopathic physician at Michigan State University.
Laura_Harrier,actress,film/tv/theater,actor,,50891004,Laura_Harrier,Laura Harrier,https://upload.wikimedia.org/wikipedia/commons/thumb/8/88/Laura_Harrier_Cannes_2018_2.jpg/225px-Laura_Harrier_Cannes_2018_2.jpg,225,320,"Laura Ruth Harrier is an American actress and model. Harrier was first recognized for her portrayal of Destiny Evans in the short-lived reboot of the American soap opera One Life to Live in 2013. In 2017, she made her major film debut portraying Liz Toomes in Spider-Man: Homecoming."
Lawrence_Stroll,,business,business,,50392214,Lawrence_Stroll,Lawrence Stroll,,,,"Lawrence Sheldon Strulovitch, best known as Lawrence Stroll, is a Canadian investor, part-owner of the Racing Point Force India Formula 1 team and collector of vintage Ferraris. On the Forbes 2018 list of the world's billionaires, he was ranked #887 with a net worth of US$2.7 billion."
Letitia_Wright,actress,film/tv/theater,actor,,52067131,Letitia_Wright,Letitia Wright,https://upload.wikimedia.org/wikipedia/commons/thumb/3/37/Letitia_Wright_by_Gage_Skidmore.jpg/212px-Letitia_Wright_by_Gage_Skidmore.jpg,212,320,"Letitia Michelle Wright is a Guyanese-born British actress. Beginning her professional career in 2011, she has played in roles in several British TV series, including Top Boy, Coming Up, Chasing Shadows, Humans, the Doctor Who episode ""Face the Raven"" and the Black Mirror episode ""Black Museum"", the latter for which she received a Primetime Emmy Award nomination."
Lil_Pump,American rapper,music,rapper,https://p.scdn.co/mp3-preview/c1136bf2d8c9c35a8b4e519ebca83813e8dfd180?cid=774b29d4f13844c495f206cafdad9c86,55667992,Lil_Pump,Lil Pump,https://upload.wikimedia.org/wikipedia/commons/thumb/e/e5/Lil_Pump_mugshot.jpg/247px-Lil_Pump_mugshot.jpg,247,320,"Gazzy Garcia, known professionally as Lil Pump, is an American rapper. He is best known for his 2017 song ""Gucci Gang"", which peaked at number three on the U.S. Billboard Hot 100, and is certified triple platinum by the Recording Industry Association of America. His other songs include ""Esskeetit"", ""D Rose"", ""I Love It"" and ""Boss"". He released his debut studio album, Lil Pump, on October 6, 2017."
Lil_Uzi_Vert,American rapper and singer from Pennsylvania,music,rapper,,50717057,Lil_Uzi_Vert,Lil Uzi Vert,https://upload.wikimedia.org/wikipedia/commons/thumb/d/d9/Lil_Uzi_Vert_Day_N_Night_Festival.png/276px-Lil_Uzi_Vert_Day_N_Night_Festival.png,276,320,"Symere Woods, known professionally as Lil Uzi Vert, is an American rapper, singer and songwriter."
Lili_Reinhart,American actress,film/tv/theater,actor,,53224902,Lili_Reinhart,Lili Reinhart,https://upload.wikimedia.org/wikipedia/commons/thumb/a/ae/Lili_Reinhart_by_Gage_Skidmore.jpg/230px-Lili_Reinhart_by_Gage_Skidmore.jpg,230,320,"Lili Pauline Reinhart is an American actress, best known for portraying Betty Cooper on The CW drama series Riverdale."
Liza_Koshy,"American actress, YouTube comedian and television host",entertainment,youtuber,,53875724,Liza_Koshy,Liza Koshy,https://upload.wikimedia.org/wikipedia/commons/thumb/7/71/Liza_Koshy_on_Refinery29.jpg/320px-Liza_Koshy_on_Refinery29.jpg,320,312,"Elizabeth Koshy is an American actress, YouTube personality, comedian and television host. She began her career on Vine in 2013, before starting a YouTube channel."
Logan_Paul,American social media entertainer and actor,entertainment,youtuber,,50654292,Logan_Paul,Logan Paul,https://upload.wikimedia.org/wikipedia/commons/thumb/2/24/10.8.16LoganPaulByLuigiNovi3.jpg/240px-10.8.16LoganPaulByLuigiNovi3.jpg,240,320,"Logan Alexander Paul is an American actor and internet celebrity. Paul first gained fame through videos shared on former internet video service Vine. Paul's television and film work includes guest appearances on Law & Order: Special Victims Unit and Weird Loners, and roles in films The Thinning and The Space Between Us."
London_Breed,mayor of San Francisco,politics,politician,,37570236,London_Breed,London Breed,https://upload.wikimedia.org/wikipedia/commons/thumb/a/ac/London_Breed.jpg/256px-London_Breed.jpg,256,320,"London Nicole Breed is an American politician from California who is the 45th and current mayor of the City and County of San Francisco. She formerly served as supervisor for District 5, and was president of the Board of Supervisors from 2015 to 2018."
Loris_Karius,German association football player,sports,soccer player,,37821010,Loris_Karius,Loris Karius,https://upload.wikimedia.org/wikipedia/commons/thumb/4/4c/Loris_Karius.jpg/188px-Loris_Karius.jpg,188,320,"Loris Sven Karius is a German professional footballer who plays as a goalkeeper for Süper Lig club Beşiktaş, on loan from Premier League club Liverpool. He represented Germany at youth level."
Lucas_Hedges,American actor,film/tv/theater,actor,,38115289,Lucas_Hedges,Lucas Hedges,https://upload.wikimedia.org/wikipedia/commons/thumb/c/c6/Lucas_Hedges_2017.png/229px-Lucas_Hedges_2017.png,229,320,"Lucas Hedges is an American actor. The child of writer-director Peter Hedges, he studied theater at the University of North Carolina School of the Arts."
Lucas_Torreira,Uruguayan association football player,sports,soccer player,,51216552,Lucas_Torreira,Lucas Torreira,https://upload.wikimedia.org/wikipedia/commons/thumb/d/df/Lucas_Torreira_%28cropped%29.jpg/217px-Lucas_Torreira_%28cropped%29.jpg,217,320,Lucas Sebastián Torreira Di Pascua is a Uruguayan professional footballer who plays as a defensive midfielder for Premier League club Arsenal and the Uruguay national team.
Madelaine_Petsch,American actress,film/tv/theater,actor,,53549830,Madelaine_Petsch,Madelaine Petsch,https://upload.wikimedia.org/wikipedia/commons/thumb/8/84/Madelaine_Petsch_by_Gage_Skidmore.jpg/236px-Madelaine_Petsch_by_Gage_Skidmore.jpg,236,320,Madelaine Grobbelaar Petsch is an American actress. She is known for portraying Cheryl Blossom on The CW television series Riverdale.
Madison_Wolfe,American actress,film/tv/theater,actor,,50781539,Madison_Wolfe,Madison Wolfe,,,,"Madison Wolfe is an American actress. She made her film debut in the adventure drama On the Road (2012) and her television debut in the HBO series True Detective (2014). She starred in the horror film The Conjuring 2 (2016), and as Barbara Thorson in the fantasy/drama film I Kill Giants (2017)."
Marvin_Bagley_III,American basketball player,sports,basketball player,,53538477,Marvin_Bagley_III,Marvin Bagley III,https://upload.wikimedia.org/wikipedia/commons/thumb/c/cf/DUKEvUNC_2018-03-03_-_Marvin_Bagley_III.jpg/280px-DUKEvUNC_2018-03-03_-_Marvin_Bagley_III.jpg,280,320,Marvin Bagley III is an American professional basketball player for the Sacramento Kings of the National Basketball Association (NBA). He played college basketball for the Duke Blue Devils and was a 2018 Consensus All-American. He was selected with the second overall pick by the Kings in the 2018 NBA draft.
Matteo_Salvini,Italian politician,politics,politician,,1767165,Matteo_Salvini,Matteo Salvini,https://upload.wikimedia.org/wikipedia/commons/thumb/3/3b/Matteo_Salvini_Viminale_%28cropped%29.jpg/231px-Matteo_Salvini_Viminale_%28cropped%29.jpg,231,320,Matteo Salvini is an Italian politician serving as Deputy Prime Minister of Italy and Minister of the Interior since 1 June 2018. He is also Federal Secretary of Northern League since December 2013 and the leader of Us with Salvini since December 2014. He has been a Senator in the Italian Senate since March 2018. He previously served as a Member of the European Parliament (MEP) for the constituency of North-West Italy from 2004 to 2018.
Maya_Hawke,American actress and model,film/tv/theater,actor,,41476864,Maya_Hawke,Maya Hawke,,,,"Maya Ray Thurman Hawke is an American actress and model. She is the daughter of actors Uma Thurman and Ethan Hawke. She made her screen debut as Jo March in the 2017 BBC adaptation of Little Women, and is set to star as Robin in the upcoming third season of Stranger Things."
Michael_Avenatti,American attorney and entrepreneur,law/crime,attorney,,55848647,Michael_Avenatti,Michael Avenatti,https://upload.wikimedia.org/wikipedia/commons/thumb/a/a2/Michael_Avenatti_CPL.jpg/224px-Michael_Avenatti_CPL.jpg,224,320,"Michael John Avenatti is an American attorney and entrepreneur. He has appeared on broadcast and in print media as a commentator on a range of legal issues and has represented parties in a number of lawsuits that have gained international media attention, including cases brought against the National Football League, various celebrity defendants, high-ranking business executives, and Fortune 100 companies. He is also a professional race car driver, having participated in races across the United States and Europe. Avenatti is best known for suing President Donald Trump on behalf of porn actress Stormy Daniels in an attempt to void a non-disclosure agreement she had signed."
Michelle_Wolf,American comedian,entertainment,comedian,,50100139,Michelle_Wolf,Michelle Wolf,https://upload.wikimedia.org/wikipedia/commons/thumb/d/da/Michelle_Wolf_in_2016.jpg/256px-Michelle_Wolf_in_2016.jpg,256,320,"Michelle Wolf is an American comedian, writer, producer, and television host. She worked as a contributor and writer for Late Night with Seth Meyers and The Daily Show with Trevor Noah. She spoke as the featured performer at the 2018 White House Correspondents' Dinner. She hosted the Netflix comedy talk show series The Break with Michelle Wolf."
Mike_Cernovich,American writer,writing,writer,,51989431,Mike_Cernovich,Mike Cernovich,https://upload.wikimedia.org/wikipedia/commons/thumb/5/51/Mike_Cernovich_by_Gage_Skidmore.jpg/222px-Mike_Cernovich_by_Gage_Skidmore.jpg,222,320,"Michael Cernovich is an American alt-right social media personality, writer, and conspiracy theorist. His website, ""Danger & Play"", known originally for its men's rights advocacy, was created in 2012. During the 2016 US presidential election campaign, it evolved into a largely pro-Donald Trump and anti-Hillary Clinton political blog. The Southern Poverty Law Center has identified him as a male supremacist. Cernovich has denied being part of the alt-right movement and has described himself instead as ""new right"" and an ""American nationalist""."
Mohamed_Bamba,American basketball player,sports,basketball player,,53732612,Mohamed_Bamba,Mohamed Bamba,https://upload.wikimedia.org/wikipedia/commons/thumb/c/c2/20170329_MCDAAG_Mohamed_Bamba_watches_rebound.jpg/213px-20170329_MCDAAG_Mohamed_Bamba_watches_rebound.jpg,213,320,"Mohamed Karlakwan Damala Bamba is an American professional basketball player for the Orlando Magic of the National Basketball Association (NBA). He played college basketball for the Texas Longhorns. He is highly regarded due to his 7 ft 10 in (2.39 m) wingspan. He attended Cardigan Mountain School in Canaan, New Hampshire before transferring to Westtown School in West Chester, Pennsylvania and was considered one of the top high school prospects of the class of 2017."
Mohammad_bin_Salman,Saudi crown prince and minister of defense,politics,royalty,,38689358,Mohammad_bin_Salman,Mohammad bin Salman,https://upload.wikimedia.org/wikipedia/commons/thumb/5/52/Crown_Prince_Mohammad_bin_Salman_Al_Saud_-_2017.jpg/223px-Crown_Prince_Mohammad_bin_Salman_Al_Saud_-_2017.jpg,223,320,"Mohammad bin Salman bin Abdulaziz Al Saud, known colloquially as MbS, is the Crown Prince of Saudi Arabia, also serving as First Deputy Prime Minister, President of the Council for Economic and Development Affairs and Minister of Defense—the world's youngest office holder at the time. He has been described as the power behind the throne of his father, King Salman. He was appointed Crown Prince in June 2017 following his father's decision to remove Muhammad bin Nayef from all positions, making Mohammad bin Salman heir apparent to the throne."
Naby_Keïta,Guinean association football player,sports,soccer player,,43414384,Naby_Keïta,Naby Keïta,https://upload.wikimedia.org/wikipedia/commons/thumb/b/b3/RB_Leipzig_vs._FC_Liefering_%28Testspiel_9._August_2016%29_24.jpg/281px-RB_Leipzig_vs._FC_Liefering_%28Testspiel_9._August_2016%29_24.jpg,281,320,Naby Laye Keïta is a Guinean professional footballer who plays as a central midfielder for Premier League club Liverpool and captains the Guinea national team.
Natalia_Dyer,American actress,film/tv/theater,actor,,51135409,Natalia_Dyer,Natalia Dyer,https://upload.wikimedia.org/wikipedia/commons/thumb/7/7d/Natalia_Dyer_by_Gage_Skidmore.jpg/235px-Natalia_Dyer_by_Gage_Skidmore.jpg,235,320,Natalia Dyer is an American actress. She plays the role of Nancy Wheeler in the Netflix series Stranger Things.
Neeraj_Chopra,Indian male javelin thrower,sports,javelin thrower,,51150040,Neeraj_Chopra,Neeraj Chopra,https://upload.wikimedia.org/wikipedia/commons/thumb/1/1d/Neeraj_Chopra_Of_India%28Javelin%29.jpg/213px-Neeraj_Chopra_Of_India%28Javelin%29.jpg,213,320,"Neeraj Chopra is an Indian track and field athlete, competes in the javelin throw. He represented India at 2018 Asian Games where he won the gold medal setting the national record of 88.06 m and at the 2018 Commonwealth Games where he also clinched the gold medal. He was the 2016 IAAF World U20 Champion and set the world junior record of 86.48 m at the U20 championships. Neeraj Chopra was selected as the flag-bearer at the opening ceremony for India at the 2018 Asian Games, which marked his first Asian Games appearance. He also represents India at the IAAF Diamond League."
Nicole_Maines,,film/tv/theater,actor,,49056335,Nicole_Maines,Nicole Maines,,,,Nicole Amber Maines is an American actress also known for being Susan Doe in the Maine Supreme Judicial Court case Doe v. Regional School Unit 26 regarding gender identity and bathroom use in schools.
Ninja_(streamer),American Twitch streamer,entertainment,youtuber,,56881343,Ninja_(streamer),Ninja (streamer),https://upload.wikimedia.org/wikipedia/commons/thumb/2/24/Ninja_at_Lollapalooza.jpg/222px-Ninja_at_Lollapalooza.jpg,222,320,"Richard Tyler Blevins, more commonly known by his online alias Ninja or NinjasHyper, is an American Twitch streamer and Internet personality. As of September 19, 2018, he is the most followed streamer on Twitch with over eleven million followers and an average of over 43,000 viewers per stream."
Paul_Manafort,American political consultant,politics,politician,,18306417,Paul_Manafort,Paul Manafort,https://upload.wikimedia.org/wikipedia/commons/thumb/2/2c/Paul_Manafort_at_2016_RNC.jpg/264px-Paul_Manafort_at_2016_RNC.jpg,264,320,"Paul John Manafort Jr. is an American lobbyist, political consultant, lawyer, and convicted felon. A Republican, he joined Donald Trump's presidential campaign team in March 2016, and was campaign chairman from June to August 2016. On August 21, 2018, Manafort was convicted of five counts of tax fraud, two counts of bank fraud, and one count of failure to report foreign bank accounts. On September 14, 2018, he pleaded guilty to an additional two counts of conspiracy, per a plea deal in which he also agreed to cooperate with the Special Counsel investigation."
Phil_Elverum,American musician,music,songwriter,,1990114,Phil_Elverum,Phil Elverum,https://upload.wikimedia.org/wikipedia/commons/thumb/d/db/Phil_Elverum_green_shirt.jpg/184px-Phil_Elverum_green_shirt.jpg,184,320,"Phil Elverum is an American songwriter, producer and visual artist, best known for his musical projects The Microphones and Mount Eerie. Based in Anacortes, Washington in the mid-2000s, he began to spell his surname Elvrum as ""Elverum"", after the Norwegian town of the same name."
Phoebe_Dahl,,business,fashion designer,,52720799,Phoebe_Dahl,Phoebe Dahl,https://upload.wikimedia.org/wikipedia/commons/thumb/7/74/Phoebe_Dahl_2016.jpg/253px-Phoebe_Dahl_2016.jpg,253,320,"Phoebe Patricia Faircloth, known as Phoebe Dahl, is a British-American fashion designer, philanthropist, and activist."
Phoebe_Waller-Bridge,British actress,film/tv/theater,actor,,39531066,Phoebe_Waller-Bridge,Phoebe Waller-Bridge,https://upload.wikimedia.org/wikipedia/commons/thumb/d/d1/Fleabag_at_The_Edinburgh_Fringe_Festival_2013.jpg/320px-Fleabag_at_The_Edinburgh_Fringe_Festival_2013.jpg,320,283,"Phoebe Mary Waller-Bridge is an English actress, writer, playwright, and director. She is best known for creating and starring in two sitcoms, Channel 4's Crashing and BBC Three's adaptation of Fleabag; and for writing and producing the BBC America drama Killing Eve, based on novels by Luke Jennings."
Prue_Leith,"South African-British chef, writer, television personality, businesswoman",business,chef,,5062195,Prue_Leith,Prue Leith,,,,"Prudence Margaret ""Prue"" Leith, has been a restaurateur, chef, caterer, television presenter/broadcaster, businesswoman, journalist, cookery writer and novelist. She was born in South Africa, but her working life has been spent mostly in London. She is Chancellor of Queen Margaret University, Edinburgh. She was a judge on BBC Two's Great British Menu for eleven years, before joining The Great British Bake Off in March 2017, replacing Mary Berry."
Quavo,American rapper from Georgia; 1/3 of Migos,music,rapper,,43618191,Quavo,Quavo,https://upload.wikimedia.org/wikipedia/commons/thumb/5/57/Quavo_Veld_festival_2017.jpg/231px-Quavo_Veld_festival_2017.jpg,231,320,"Quavious Keyate Marshall, known professionally as Quavo, is an American rapper, singer, songwriter and record producer. He is best known as a member of the hip hop trio Migos. Quavo is related to his fellow Migos members, being Takeoff's uncle and Offset's cousin."
RJ_Cyler,American actor,film/tv/theater,actor,,47069379,RJ_Cyler,RJ Cyler,https://upload.wikimedia.org/wikipedia/commons/thumb/9/90/RJ_Cyler.jpg/213px-RJ_Cyler.jpg,213,320,"Ronald ""RJ"" Cyler II is an American actor. He is best known for his roles in Me and Earl and the Dying Girl and Power Rangers."
Ram_Nath_Kovind,"Indian politician, 14th president of India",politics,president,,42681679,Ram_Nath_Kovind,Ram Nath Kovind,https://upload.wikimedia.org/wikipedia/commons/thumb/7/70/Ram_Nath_Kovind_official_portrait.jpg/267px-Ram_Nath_Kovind_official_portrait.jpg,267,320,"Ram Nath Kovind is the 14th and current President of India, in office since 25 July 2017. Previously he had served as the Governor of Bihar from 2015 to 2017 and was a Member of Parliament, Rajya Sabha from 1994 to 2006. Kovind was nominated as a presidential candidate by the ruling NDA coalition and won the 2017 presidential election, becoming the second Dalit to be elected to the post of President."
Renato_Sanches,Portuguese association football player,sports,soccer player,,44029096,Renato_Sanches,Renato Sanches,https://upload.wikimedia.org/wikipedia/commons/thumb/4/43/Renato_Sanches_2016.jpg/190px-Renato_Sanches_2016.jpg,190,320,Renato Júnior Luz Sanches ComM is a Portuguese professional footballer who plays as a midfielder for German club Bayern Munich and the Portugal national team.
Richarlison,Brazilian association football player,sports,soccer player,,47469008,Richarlison,Richarlison,https://upload.wikimedia.org/wikipedia/commons/thumb/2/2b/Richarlison_de_Andrade_2017.jpg/310px-Richarlison_de_Andrade_2017.jpg,310,320,Richarlison de Andrade is a Brazilian professional footballer who plays as a forward for Premier League club Everton and the Brazilian national team.
Rishabh_Pant,Indian cricketer,sports,cricketer,,48358969,Rishabh_Pant,Rishabh Pant,,,,"Rishabh Rajendra Pant is an Indian cricketer who plays for the India national cricket team and Delhi. In December 2015 he was named in India's squad for the 2016 Under-19 Cricket World Cup. On 1 February 2016, during the tournament, he hit an 18-ball fifty, the fastest at this level. He made his Twenty20 International (T20I) debut for India in January 2017 and his Test debut in August 2018."
Robert_Rinder,British barrister and TV personality,entertainment,tv personality,,44922183,Robert_Rinder,Robert Rinder,https://upload.wikimedia.org/wikipedia/commons/thumb/7/76/Rob_Rinder.png/303px-Rob_Rinder.png,303,320,"Robert Rinder, also known as Judge Rinder, is an English criminal law barrister and television personality. He is best known for his role on the reality courtroom series Judge Rinder. He has been described as ""the Simon Cowell of the bench ... in a British version of the hit American show Judge Judy""."
Robert_Shaw_(actor),English actor and novelist,film/tv/theater,actor,,166123,Robert_Shaw_(actor),Robert Shaw (actor),https://upload.wikimedia.org/wikipedia/en/thumb/e/e4/Robert_Shaw_headshot.jpg/233px-Robert_Shaw_headshot.jpg,233,320,"Robert Archibald Shaw was an English actor, novelist, and playwright. He was nominated for an Oscar and a Golden Globe for his role as Henry VIII in the drama film A Man for All Seasons (1966)."
Russ_(rapper),American rapper,music,rapper,,51286436,Russ_(rapper),Russ (rapper),https://upload.wikimedia.org/wikipedia/commons/thumb/e/ef/Russ_Osheaga.png/192px-Russ_Osheaga.png,192,320,"Russell Vitale, known by his stage name, Russ, is an American rapper, singer, songwriter and record producer. He is known for his singles ""What They Want"" and ""Losin Control"", which peaked respectively at number 83 and 63 on the US Billboard Hot 100."
Sam_Hyde,American comedian and prankster,entertainment,comedian,,38918490,Sam_Hyde,Sam Hyde,https://upload.wikimedia.org/wikipedia/commons/thumb/1/1b/Samhydetedtalk2070_%28cropped%29.png/240px-Samhydetedtalk2070_%28cropped%29.png,240,320,"Samuel Whitcomb Hyde is an American comedian, writer, performance artist, and actor. He co-created the sketch comedy group Million Dollar Extreme (MDE) along with Charls Carroll and Nick Rochefort."
Sam_Wills,New Zealand comedian,entertainment,comedian,,10548493,Sam_Wills,Sam Wills,https://upload.wikimedia.org/wikipedia/commons/thumb/f/f1/The_Sam_Wills_-_4718383365.jpg/213px-The_Sam_Wills_-_4718383365.jpg,213,320,"Sam Wills is a New Zealand prop comic, busker, clown, and mime residing in London. He performs under the name The Boy With Tape On His Face and, more recently, as Tape Face. He was also half of the two-person act Spitroast and sometimes performed under his own name, Sam Wills. He has been featured in the New Zealand International Comedy Festival, the World Buskers Festival, and was a finalist on Season 11 of America's Got Talent."
Sandeep_Singh,Indian field hockey player,sports,hockey player,,26424795,Sandeep_Singh,Sandeep Singh,https://upload.wikimedia.org/wikipedia/commons/thumb/a/a0/Sandeep_singh_hockey_player_2004.jpg/229px-Sandeep_singh_hockey_player_2004.jpg,229,320,Sandeep Singh is an Indian professional field hockey player from Haryana and an ex-captain of the Indian national team. He generally features as a full back and is a penalty corner specialist for the team. He was famous as Flicker Singh in media. Singh currently holds a DSP rank in the Haryana Police.
Saquon_Barkley,American football running back,sports,NFL player,,48537555,Saquon_Barkley,Saquon Barkley,https://upload.wikimedia.org/wikipedia/commons/thumb/0/0b/Saquon_Barkley_2018.jpg/261px-Saquon_Barkley_2018.jpg,261,320,"Saquon Barkley is an American football running back for the New York Giants of the National Football League (NFL). He played college football at Penn State for three seasons, running for 3,843 yards with 43 rushing touchdowns, while garnering 1,195 receiving yards with 8 touchdown receptions."
Sara_Foster,American actress,film/tv/theater,actor,,2551857,Sara_Foster,Sara Foster,,,,"Sara Michael Foster is an American actress, best known for her role as Jen Clark on 90210. She was a fashion model before moving to the film industry."
Shyla_Stylez,Canadian pornographic actress,film/tv/theater,actor,,48858051,Shyla_Stylez,Shyla Stylez,https://upload.wikimedia.org/wikipedia/commons/thumb/1/14/Shyla_Stylez_2009.jpg/213px-Shyla_Stylez_2009.jpg,213,320,"Amanda Hardy, better known by her stage name Shyla Stylez, was a Canadian pornographic actress."
Smriti_Mandhana,Indian cricketer,sports,cricketer,,42419782,Smriti_Mandhana,Smriti Mandhana,,,,"Smriti Shriniwas Mandhana is an Indian cricketer who plays for the Indian women's national team. In June 2018, the Board of Control for Cricket in India (BCCI) named her as the Best Women's International Cricketer."
Sophie_Turner,English actress,film/tv/theater,actor,,33142873,Sophie_Turner,Sophie Turner,https://upload.wikimedia.org/wikipedia/commons/thumb/5/59/Sophie_Turner_by_Gage_Skidmore_3.jpg/212px-Sophie_Turner_by_Gage_Skidmore_3.jpg,212,320,"Sophie Turner is an English actress. Turner made her professional acting debut as Sansa Stark on the HBO fantasy television series Game of Thrones (2011–present), which brought her international recognition."
Stacey_Abrams,House Minority Leader for the Georgia General Assembly,politics,politician,,36058979,Stacey_Abrams,Stacey Abrams,https://upload.wikimedia.org/wikipedia/commons/thumb/7/71/Stacey_Abrams_2012.jpg/266px-Stacey_Abrams_2012.jpg,266,320,"Stacey Yvonne Abrams is an American politician, lawyer, and romance novelist who served as minority leader of the Georgia House of Representatives from 2011 to 2017. A member of the Democratic Party, she is her party's nominee in the 2018 Georgia gubernatorial election, she is the first black female major party gubernatorial nominee in the United States."
Steve_Bannon,American media executive and former White House Chief Strategist for Donald Trump,politics,politician,,41234808,Steve_Bannon,Steve Bannon,https://upload.wikimedia.org/wikipedia/commons/thumb/7/7b/Steve_Bannon_by_Gage_Skidmore.jpg/240px-Steve_Bannon_by_Gage_Skidmore.jpg,240,320,"Stephen Kevin Bannon is an American media executive, political figure, strategist, former investment banker, and the former executive chairman of Breitbart News. He served as White House Chief Strategist in the administration of U.S. President Donald Trump during the first seven months of Trump's term."
Steve_Smith_(cricketer),Australian international cricketer,sports,cricketer,,15155749,Steve_Smith_(cricketer),Steve Smith (cricketer),https://upload.wikimedia.org/wikipedia/commons/thumb/1/11/Steve_Smith_%28cricketer%29%2C_2014_%28cropped%29.jpg/226px-Steve_Smith_%28cricketer%29%2C_2014_%28cropped%29.jpg,226,320,"Steven Peter Devereux Smith is an Australian international cricketer and former captain of the Australian national team. On 30 December 2017, he reached a Test batting rating of 947, the second-highest of all time, only behind Don Bradman's 961. He was ranked top Test batsman in the world in 2015, 2016 and 2017, according to the ICC Player Rankings. At various times, Smith has been described as one of the best batsmen in the world. He played for New South Wales and Sydney Sixers in domestic cricket."
Steven_Nzonzi,French association football player,sports,soccer player,,23419533,Steven_Nzonzi,Steven Nzonzi,https://upload.wikimedia.org/wikipedia/commons/thumb/b/bd/Steven_Nzonzi_2018.jpg/227px-Steven_Nzonzi_2018.jpg,227,320,Steven N'Kemboanza Mike Nzonzi is a French professional footballer who plays as a defensive midfielder for Italian club Roma and the French national team.
Suga_(rapper),"South Korean rapper, record producer, and songwriter",music,rapper,,49709342,Suga_(rapper),Suga (rapper),https://upload.wikimedia.org/wikipedia/commons/thumb/c/cc/180524_Suga_at_a_press_conference_for_Love_Yourself_Tear_%281%29.png/228px-180524_Suga_at_a_press_conference_for_Love_Yourself_Tear_%281%29.png,228,320,"Min Yoon-gi, better known by his stage names Suga and Agust D, is a South Korean rapper, songwriter, and record producer. Managed by Big Hit Entertainment, he debuted as a member of the South Korean pop idol group BTS in 2013. In 2016, he released his first solo mixtape, Agust D. The Korea Music Copyright Association attributes over 70 songs to Suga as a songwriter and producer, including Suran's ""Wine"", which won best Soul/R&B track of the year at the 2017 Melon Music Awards."
Takeoff_(rapper),"American rapper, member of the hip hop group Migos",music,rapper,https://p.scdn.co/mp3-preview/08016c1dad5b43ba62db359448a7f90ebbec71a6?cid=774b29d4f13844c495f206cafdad9c86,56420432,Takeoff_(rapper),Takeoff (rapper),https://upload.wikimedia.org/wikipedia/commons/thumb/6/6b/Takeoff_Veld_festival_2017.jpg/222px-Takeoff_Veld_festival_2017.jpg,222,320,"Kirshnik Khari Ball, known professionally as Takeoff, is an American rapper. He is best known as a member of the hip hop and trap music group Migos along with family members Quavo and Offset."
Theodore_Edgar_McCarrick,"20th and 21st-century American Catholic archbishop, former cardinal",religion,archibishop,,1000781,Theodore_Edgar_McCarrick,Theodore Edgar McCarrick,https://upload.wikimedia.org/wikipedia/commons/thumb/5/5d/Theodore_Cardinal_McCarrick.jpg/320px-Theodore_Cardinal_McCarrick.jpg,320,251,"Theodore Edgar McCarrick is a retired American prelate of the Catholic Church, and a former Cardinal. He served as Archbishop of Washington from 2001 to 2006, and was elevated to the cardinalate in February 2001. Pope Francis accepted his resignation from the College of Cardinals on July 28, 2018, after a series of sexual misconduct allegations."
Timothy_Weah,American professional soccer player,sports,soccer player,,54457063,Timothy_Weah,Timothy Weah,,,,"Timothy Tarpeh Weah is an American professional soccer player who plays as a forward for Paris Saint-Germain in Ligue 1. He is the son of ex-footballer and President of Liberia George Weah and represents the United States in international competition. In March 2018, he made his senior debut for Paris Saint-Germain and earned his first senior international cap for the United States."
Tina_Smith,American politician,politics,politician,,44307500,Tina_Smith,Tina Smith,https://upload.wikimedia.org/wikipedia/commons/thumb/d/df/Tina_Smith_official_photo.jpg/214px-Tina_Smith_official_photo.jpg,214,320,"Christine ""Tina"" Flint Smith is an American politician and former businesswoman serving as the junior United States Senator from Minnesota since 2018, filling the seat vacated by Al Franken. She is a member of the Minnesota Democratic–Farmer–Labor Party (DFL), an affiliate of the Democratic Party. Smith served as the 48th Lieutenant Governor of Minnesota from 2015 to 2018, when she was appointed to serve as a U.S. Senator for the state."
Trae_Young,American basketball player,sports,basketball player,,53620129,Trae_Young,Trae Young,https://upload.wikimedia.org/wikipedia/commons/thumb/a/a7/20170329_MCDAAG_Trae_Young_dribbling.jpg/213px-20170329_MCDAAG_Trae_Young_dribbling.jpg,213,320,"Rayford Trae Young is an American professional basketball player for the Atlanta Hawks of the National Basketball Association (NBA). He played college basketball for the Oklahoma Sooners. On December 19, 2017, with 22 assists he tied the NCAA single-game record, shared by Syracuse's Sherman Douglas (1989), Southern's Avery Johnson (1988) and Charleston Southern's Tony Fairley (1987). By the end of his only college season, Young would be the first and only player to ever lead the NCAA in both points and assists in a single season. He was drafted by the Dallas Mavericks in the 2018 NBA Draft with the fifth pick, but was later traded to the Atlanta Hawks, along with a future first-round pick for the draft rights to Luka Dončić."
Trent_Alexander-Arnold,English footballer,sports,soccer player,,52095403,Trent_Alexander-Arnold,Trent Alexander-Arnold,https://upload.wikimedia.org/wikipedia/commons/thumb/8/8a/Trent_Alexander-Arnold_2018.jpg/246px-Trent_Alexander-Arnold_2018.jpg,246,320,Trent John Alexander-Arnold is an English professional footballer who plays as a right back for Premier League club Liverpool and the England national team.
Trippie_Redd,American rapper,music,rapper,,55213541,Trippie_Redd,Trippie Redd,https://upload.wikimedia.org/wikipedia/commons/thumb/b/b1/Trippie_Redd_2018_better_crop.png/233px-Trippie_Redd_2018_better_crop.png,233,320,"Michael Lamar White IV, known professionally as Trippie Redd, is an American rapper and singer. He is best known for his songs ""Love Scars"", ""Poles1469"" and ""Dark Knight Dummo"". The former two songs were both certified gold by the RIAA, and the latter peaked at number 72 on the Billboard Hot 100 as well as received platinum certification by the RIAA."
Tyreek_Hill,American football player,sports,soccer player,,36445204,Tyreek_Hill,Tyreek Hill,,,,"Tyreek Hill, is an American football player for the Kansas City Chiefs of the National Football League (NFL). He attended Garden City Community College, Oklahoma State University, and University of West Alabama. Hill is primarily a wide receiver, but also contributes as a return specialist and running back. Following his rookie year, he received the nickname Cheetah as reference to his speed."
V_(singer),South Korean singer and actor,music,singer,,41551487,V_(singer),V (singer),https://upload.wikimedia.org/wikipedia/commons/thumb/c/c2/1117_V_%28BTS%29_Dispatch_Photo_Shoot_LA_%283%29_%28cropped%29.png/239px-1117_V_%28BTS%29_Dispatch_Photo_Shoot_LA_%283%29_%28cropped%29.png,239,320,"Kim Tae-hyung, better known by his stage name V, is a South Korean singer, songwriter and actor. He is a member of the South Korean boy group BTS."
Vijay_Deverakonda,Indian actor,film/tv/theater,actor,,46962543,Vijay_Deverakonda,Vijay Deverakonda,https://upload.wikimedia.org/wikipedia/commons/thumb/2/2d/Vijay_Deverakonda_at_NOTA_pressmeet.jpg/213px-Vijay_Deverakonda_at_NOTA_pressmeet.jpg,213,320,"Vijay Deverakonda is an Indian film actor known for his works in Telugu cinema. Vijay made his film debut in 2011 with Ravi Babu's romantic comedy Nuvvila (2011), but he gained recognition with his supporting role in the coming-of-age drama Yevade Subramanyam (2015)."
Willie_Taggart,"American college football coach, quarterback",sports,american football coach,,25179363,Willie_Taggart,Willie Taggart,https://upload.wikimedia.org/wikipedia/commons/thumb/e/ea/Coach_Taggart_FSU.jpg/285px-Coach_Taggart_FSU.jpg,285,320,"Willie Taggart is the head college football coach at Florida State University and a former college football player. He previously served as head coach at Western Kentucky from 2009 to 2012, South Florida from 2013 to 2016, and Oregon in 2017. He was the first black head football coach at Western Kentucky, South Florida and Oregon. He became the first permanent black head football coach at Florida State."
XXXTentacion,American rapper and singer-songwriter,music,rapper,https://p.scdn.co/mp3-preview/5b5a9c4dba2f360fd6cb10df457d2d97ad1ae1f6?cid=774b29d4f13844c495f206cafdad9c86,53039739,XXXTentacion,XXXTentacion,https://upload.wikimedia.org/wikipedia/commons/7/76/XXXTentacionFebruary2018_%28cropped%29_%282%29.png,232,276,"Jahseh Dwayne Ricardo Onfroy, known professionally as XXXTentacion, was an American rapper, singer, and songwriter."
Yashika_Aannand,,film/tv/theater,actor,,57414691,Yashika_Aannand,Yashika Aannand,,,,"Yashika Aannand is an Indian teenage film actress and model of Punjabi descent, who predominantly works in Tamil cinema. She made her breakthrough as an actress by portraying a character in the successful Dhuruvangal Pathinaaru (2016), before earning further recognition for her role in the adult comedy, Iruttu Araiyil Murattu Kuththu (2017). She is also recognised as a social media influencer and as a fashion model."
YoungBoy_Never_Broke_Again,American rapper from Louisiana,music,rapper,,54859596,YoungBoy_Never_Broke_Again,YoungBoy Never Broke Again,https://upload.wikimedia.org/wikipedia/commons/thumb/a/ab/YOUNG-BOY-NEVER-BROKE-AGAIN-2017.png/246px-YOUNG-BOY-NEVER-BROKE-AGAIN-2017.png,246,320,"Kentrell DeSean Gaulden, known professionally as YoungBoy Never Broke Again, is an American rapper, singer and songwriter. He is best known for his song ""Outside Today"" which has peaked at number 31 on the Billboard Hot 100 chart."